IP Address,Port,Code,Country,Anonimal,Google,Https,Last Checked

44.218.183.55,80,US,United States,elite proxy,no,yes,1 sec ago
50.207.199.80,80,US,United States,anonymous,no,no,1 sec ago
50.217.226.47,80,US,United States,anonymous,no,no,1 sec ago
50.217.226.40,80,US,United States,anonymous,no,no,1 sec ago
68.183.143.134,80,US,United States,elite proxy,,no,1 sec ago
50.174.7.152,80,US,United States,anonymous,no,no,1 sec ago
54.67.125.45,3128,US,United States,elite proxy,no,yes,1 sec ago
97.70.7.157,80,US,United States,elite proxy,no,no,1 sec ago
3.139.242.184,80,US,United States,elite proxy,,no,1 sec ago
5.161.103.41,88,US,United States,elite proxy,,no,1 sec ago
23.94.136.205,80,US,United States,anonymous,no,no,1 sec ago
54.152.3.36,80,US,United States,elite proxy,no,yes,1 sec ago
3.141.217.225,80,US,United States,elite proxy,,no,1 sec ago
71.14.218.2,8080,US,United States,elite proxy,no,yes,1 sec ago
18.188.127.31,3128,US,United States,anonymous,no,yes,1 sec ago
159.65.245.255,80,US,United States,elite proxy,,no,1 sec ago
52.73.224.54,3128,US,United States,elite proxy,no,yes,1 sec ago
216.229.112.25,8080,US,United States,elite proxy,no,yes,1 sec ago
198.49.68.80,80,US,United States,elite proxy,yes,no,1 sec ago
50.217.226.41,80,US,United States,anonymous,no,no,1 sec ago
162.223.90.130,80,US,United States,elite proxy,no,no,1 sec ago
147.182.180.242,80,US,United States,elite proxy,no,no,1 min ago
50.223.246.237,80,US,United States,anonymous,no,no,1 min ago
50.174.7.159,80,US,United States,anonymous,no,no,1 min ago
50.207.199.87,80,US,United States,anonymous,no,no,1 min ago
50.202.75.26,80,US,United States,anonymous,no,no,1 min ago
50.232.104.86,80,US,United States,anonymous,no,no,1 min ago
50.239.72.18,80,US,United States,anonymous,no,no,1 min ago
50.221.74.130,80,US,United States,anonymous,no,no,1 min ago
50.175.212.74,80,US,United States,anonymous,no,no,1 min ago
66.191.31.158,80,US,United States,anonymous,no,no,1 min ago
3.21.101.158,3128,US,United States,elite proxy,no,yes,1 min ago
3.212.148.199,3128,US,United States,elite proxy,no,yes,1 min ago
50.217.226.43,80,US,United States,anonymous,no,no,1 min ago
50.239.72.17,80,US,United States,anonymous,no,no,1 min ago
50.174.7.157,80,US,United States,anonymous,no,no,1 min ago
47.251.87.74,8080,US,United States,elite proxy,,no,10 mins ago
143.42.191.48,80,US,United States,anonymous,,no,10 mins ago
184.169.154.119,80,US,United States,elite proxy,no,yes,10 mins ago
3.90.100.12,80,US,United States,elite proxy,,no,10 mins ago
198.74.51.79,8888,US,United States,anonymous,,no,10 mins ago
50.207.199.86,80,US,United States,anonymous,no,no,10 mins ago
144.126.216.57,80,US,United States,anonymous,,no,10 mins ago
66.29.154.103,3128,US,United States,anonymous,no,no,10 mins ago
35.209.198.222,80,US,United States,elite proxy,no,no,10 mins ago
32.223.6.94,80,US,United States,anonymous,no,no,10 mins ago
50.239.72.19,80,US,United States,anonymous,no,no,10 mins ago
50.207.199.82,80,US,United States,anonymous,no,no,10 mins ago
50.122.86.118,80,US,United States,anonymous,no,no,10 mins ago
50.217.226.44,80,US,United States,anonymous,no,no,10 mins ago
50.221.230.186,80,US,United States,anonymous,no,no,10 mins ago
50.217.226.42,80,US,United States,anonymous,no,no,10 mins ago
50.174.7.155,80,US,United States,anonymous,no,no,10 mins ago
50.207.199.81,80,US,United States,anonymous,no,no,10 mins ago
18.223.25.15,80,US,United States,elite proxy,no,yes,20 mins ago
3.136.29.104,80,US,United States,elite proxy,no,yes,20 mins ago
3.12.144.146,3128,US,United States,elite proxy,no,yes,20 mins ago
204.236.176.61,3128,US,United States,elite proxy,no,yes,20 mins ago
47.88.59.79,82,US,United States,anonymous,no,no,20 mins ago
192.73.244.36,80,US,United States,elite proxy,,no,20 mins ago
165.232.129.150,80,US,United States,anonymous,no,no,20 mins ago
50.174.7.153,80,US,United States,anonymous,no,no,21 mins ago
50.239.72.16,80,US,United States,anonymous,no,no,21 mins ago
50.169.222.243,80,US,United States,anonymous,no,no,21 mins ago
50.169.222.241,80,US,United States,anonymous,no,no,21 mins ago
47.251.122.81,8888,US,United States,elite proxy,,no,30 mins ago
23.82.137.162,80,US,United States,anonymous,,no,30 mins ago
45.22.209.157,8888,US,United States,anonymous,,no,30 mins ago
45.61.159.42,3128,US,United States,anonymous,,no,30 mins ago
50.207.199.83,80,US,United States,anonymous,no,no,30 mins ago
13.56.192.187,80,US,United States,elite proxy,no,yes,30 mins ago
50.220.168.134,80,US,United States,anonymous,no,no,30 mins ago
50.174.7.162,80,US,United States,anonymous,no,no,30 mins ago
50.231.104.58,80,US,United States,anonymous,no,no,30 mins ago
206.233.199.40,3128,US,United States,transparent,no,no,31 mins ago
50.174.7.158,80,US,United States,anonymous,no,no,40 mins ago
50.174.7.156,80,US,United States,anonymous,no,no,40 mins ago
204.236.137.68,80,US,United States,elite proxy,,no,50 mins ago
44.195.247.145,80,US,United States,elite proxy,no,yes,1 hour ago
47.90.149.238,3128,US,United States,elite proxy,,no,1 hour 10 mins ago
47.252.29.28,11222,US,United States,elite proxy,,no,1 hour 11 mins ago
44.219.175.186,80,US,United States,elite proxy,no,yes,1 hour 11 mins ago
3.130.65.162,3128,US,United States,elite proxy,,no,1 hour 20 mins ago
50.175.212.66,80,US,United States,anonymous,no,no,1 hour 20 mins ago
47.90.205.231,33333,US,United States,anonymous,no,yes,1 hour 20 mins ago
64.181.240.152,3128,US,United States,transparent,no,no,1 hour 30 mins ago
66.29.154.105,3128,US,United States,anonymous,,no,1 hour 30 mins ago
50.169.37.50,80,US,United States,anonymous,no,no,1 hour 31 mins ago
68.185.57.66,80,US,United States,anonymous,no,no,1 hour 31 mins ago
13.59.156.167,3128,US,United States,elite proxy,no,yes,1 hour 40 mins ago
3.129.184.210,80,US,United States,elite proxy,no,no,1 hour 51 mins ago
104.207.51.225,3128,US,United States,transparent,no,no,2 hours 19 mins ago
156.228.79.41,3128,US,United States,transparent,no,no,2 hours 19 mins ago
156.228.111.3,3128,US,United States,transparent,no,no,2 hours 19 mins ago
156.228.78.175,3128,US,United States,transparent,no,no,2 hours 19 mins ago
104.207.51.156,3128,US,United States,transparent,no,no,2 hours 19 mins ago
104.207.46.174,3128,US,United States,transparent,no,no,2 hours 19 mins ago
156.228.97.98,3128,US,United States,transparent,no,no,2 hours 19 mins ago
104.207.38.55,3128,US,United States,transparent,no,no,2 hours 19 mins ago
156.228.101.170,3128,US,United States,transparent,no,no,2 hours 19 mins ago
104.207.45.246,3128,US,United States,transparent,no,no,2 hours 19 mins ago
156.228.113.14,3128,US,United States,transparent,no,no,2 hours 19 mins ago
156.228.99.66,3128,US,United States,transparent,no,no,2 hours 19 mins ago
154.214.1.187,3128,US,United States,transparent,no,no,2 hours 19 mins ago
156.228.107.171,3128,US,United States,transparent,no,no,2 hours 19 mins ago
104.207.37.250,3128,US,United States,transparent,no,no,2 hours 19 mins ago
156.228.103.15,3128,US,United States,transparent,no,no,2 hours 19 mins ago
104.207.60.176,3128,US,United States,transparent,no,no,2 hours 19 mins ago
156.228.105.207,3128,US,United States,transparent,no,no,2 hours 19 mins ago
104.207.50.148,3128,US,United States,transparent,no,no,2 hours 19 mins ago
156.228.107.189,3128,US,United States,transparent,no,no,2 hours 19 mins ago
104.207.39.136,3128,US,United States,transparent,no,no,2 hours 19 mins ago
104.207.59.226,3128,US,United States,transparent,no,no,2 hours 19 mins ago
156.228.88.172,3128,US,United States,transparent,no,no,2 hours 19 mins ago
156.228.91.15,3128,US,United States,transparent,no,no,2 hours 19 mins ago
104.207.47.96,3128,US,United States,transparent,no,no,2 hours 19 mins ago
104.207.63.204,3128,US,United States,transparent,no,no,2 hours 19 mins ago
156.228.113.45,3128,US,United States,transparent,no,no,2 hours 19 mins ago
156.228.102.236,3128,US,United States,transparent,no,no,2 hours 19 mins ago
156.228.113.34,3128,US,United States,transparent,no,no,2 hours 19 mins ago
156.228.104.185,3128,US,United States,transparent,no,no,2 hours 19 mins ago
156.228.113.113,3128,US,United States,transparent,no,no,2 hours 19 mins ago
156.228.118.38,3128,US,United States,transparent,no,no,2 hours 19 mins ago
156.228.85.189,3128,US,United States,transparent,no,no,2 hours 19 mins ago
156.228.81.36,3128,US,United States,transparent,no,no,2 hours 19 mins ago
156.228.78.63,3128,US,United States,transparent,no,no,2 hours 19 mins ago
156.228.115.17,3128,US,United States,transparent,no,no,2 hours 19 mins ago
104.207.33.183,3128,US,United States,transparent,no,no,2 hours 19 mins ago
156.228.89.122,3128,US,United States,transparent,no,no,2 hours 19 mins ago
104.207.54.181,3128,US,United States,transparent,no,no,2 hours 19 mins ago
104.207.36.214,3128,US,United States,transparent,no,no,2 hours 19 mins ago
104.207.41.231,3128,US,United States,transparent,no,no,2 hours 19 mins ago
156.228.107.92,3128,US,United States,transparent,no,no,2 hours 19 mins ago
104.207.38.107,3128,US,United States,transparent,no,no,2 hours 19 mins ago
156.228.92.185,3128,US,United States,transparent,no,no,2 hours 19 mins ago
156.228.76.19,3128,US,United States,transparent,no,no,2 hours 19 mins ago
104.207.58.131,3128,US,United States,transparent,no,no,2 hours 19 mins ago
104.207.48.58,3128,US,United States,transparent,no,no,2 hours 19 mins ago
156.228.96.92,3128,US,United States,transparent,no,no,2 hours 19 mins ago
104.207.36.134,3128,US,United States,transparent,no,no,2 hours 19 mins ago
104.207.44.118,3128,US,United States,transparent,no,no,2 hours 19 mins ago
156.228.80.184,3128,US,United States,transparent,no,no,2 hours 19 mins ago
104.207.32.83,3128,US,United States,transparent,no,no,2 hours 19 mins ago
156.228.111.111,3128,US,United States,transparent,no,no,2 hours 19 mins ago
156.228.87.118,3128,US,United States,transparent,no,no,2 hours 19 mins ago
156.228.118.75,3128,US,United States,transparent,no,no,2 hours 19 mins ago
156.228.125.46,3128,US,United States,transparent,no,no,2 hours 19 mins ago
104.207.47.169,3128,US,United States,transparent,no,no,2 hours 19 mins ago
104.207.49.83,3128,US,United States,transparent,no,no,2 hours 19 mins ago
104.207.54.232,3128,US,United States,transparent,no,no,2 hours 19 mins ago
104.207.56.213,3128,US,United States,transparent,no,no,2 hours 19 mins ago
156.228.87.129,3128,US,United States,transparent,no,no,2 hours 19 mins ago
156.228.106.53,3128,US,United States,transparent,no,no,2 hours 19 mins ago
156.228.112.64,3128,US,United States,transparent,no,no,2 hours 19 mins ago
104.207.58.50,3128,US,United States,transparent,no,no,2 hours 19 mins ago
104.207.48.241,3128,US,United States,transparent,no,no,2 hours 19 mins ago
104.207.34.72,3128,US,United States,transparent,no,no,2 hours 19 mins ago
156.228.109.114,3128,US,United States,transparent,no,no,2 hours 19 mins ago
104.207.56.231,3128,US,United States,transparent,no,no,2 hours 19 mins ago
104.207.35.37,3128,US,United States,transparent,no,no,2 hours 19 mins ago
156.228.115.47,3128,US,United States,transparent,no,no,2 hours 19 mins ago
156.228.80.42,3128,US,United States,transparent,no,no,2 hours 19 mins ago
156.228.102.49,3128,US,United States,transparent,no,no,2 hours 19 mins ago
156.228.114.83,3128,US,United States,transparent,no,no,2 hours 19 mins ago
104.207.57.197,3128,US,United States,transparent,no,no,2 hours 19 mins ago
156.228.98.213,3128,US,United States,transparent,no,no,2 hours 19 mins ago
156.228.83.186,3128,US,United States,transparent,no,no,2 hours 19 mins ago
156.228.98.205,3128,US,United States,transparent,no,no,2 hours 19 mins ago
156.228.90.199,3128,US,United States,transparent,no,no,2 hours 19 mins ago
156.228.125.139,3128,US,United States,transparent,no,no,2 hours 19 mins ago
104.207.50.239,3128,US,United States,transparent,no,no,2 hours 19 mins ago
104.207.41.97,3128,US,United States,transparent,no,no,2 hours 19 mins ago
104.207.51.121,3128,US,United States,transparent,no,no,2 hours 19 mins ago
104.207.58.87,3128,US,United States,transparent,no,no,2 hours 19 mins ago
156.228.124.234,3128,US,United States,transparent,no,no,2 hours 19 mins ago
156.228.114.193,3128,US,United States,transparent,no,no,2 hours 19 mins ago
104.207.52.201,3128,US,United States,transparent,no,no,2 hours 19 mins ago
156.228.100.147,3128,US,United States,transparent,no,no,2 hours 19 mins ago
156.228.94.194,3128,US,United States,transparent,no,no,2 hours 19 mins ago
156.228.108.9,3128,US,United States,transparent,no,no,2 hours 19 mins ago
104.207.52.249,3128,US,United States,transparent,no,no,2 hours 19 mins ago
104.207.47.71,3128,US,United States,transparent,no,no,2 hours 19 mins ago
156.228.114.93,3128,US,United States,transparent,no,no,2 hours 19 mins ago
104.207.43.35,3128,US,United States,transparent,no,no,2 hours 19 mins ago
156.228.125.16,3128,US,United States,transparent,no,no,2 hours 19 mins ago
104.207.42.203,3128,US,United States,transparent,no,no,2 hours 19 mins ago
104.207.34.247,3128,US,United States,transparent,no,no,2 hours 19 mins ago
156.228.78.10,3128,US,United States,transparent,no,no,2 hours 19 mins ago
104.207.54.139,3128,US,United States,transparent,no,no,2 hours 19 mins ago
104.207.47.116,3128,US,United States,transparent,no,no,2 hours 19 mins ago
104.207.48.21,3128,US,United States,transparent,no,no,2 hours 19 mins ago
156.228.78.144,3128,US,United States,transparent,no,no,2 hours 19 mins ago
104.207.45.26,3128,US,United States,transparent,no,no,2 hours 19 mins ago
156.228.108.156,3128,US,United States,transparent,no,no,2 hours 19 mins ago
104.207.33.53,3128,US,United States,transparent,no,no,2 hours 19 mins ago
104.207.48.234,3128,US,United States,transparent,no,no,2 hours 19 mins ago
104.207.55.215,3128,US,United States,transparent,no,no,2 hours 19 mins ago
104.207.47.170,3128,US,United States,transparent,no,no,2 hours 19 mins ago
156.228.91.9,3128,US,United States,transparent,no,no,2 hours 19 mins ago
156.228.99.108,3128,US,United States,transparent,no,no,2 hours 19 mins ago
